quantile,drawdown_quantile
p95,-0.21223037136795053
p99,-0.2335731575980945
