quantile,drawdown_quantile
p95,-0.15654664776919253
p99,-0.17202491960287264
