quantile,drawdown_quantile
p95,-0.1423297073947234
p99,-0.1575787175444542
